{"setupNumber": 42, "section": 0, "thetaWall": 3.8222710618675824, "z0": 0.054321, "mass": 0.55, "energyCalibrationApplied": 1, "fits": []}