{"setupNumber": 4, "section": 2, "thetaWall": 5.846852994181004, "z0": 0.059321, "mass": 0.55, "energyCalibrationApplied": 0.909, "fits": []}